pair,direction,std_file,auto_file,std_seq_id,auto_seq_id,std_len,auto_len,alignment_score,alignment_length,matches,mismatches,gaps,pct_identity_aln,pct_identity_vs_std,std_seq,auto_seq
ERR12749352,forward,ERR12749352_std_primers.fasta,ERR12749352_auto_primers.fasta,341F,F_auto,17,19,3.0,21,12,3,6,57.14,70.59,CCTACGGGNGGCWGCAG,DDDDCCTACGGGDKGCAGC
ERR12749352,reverse,ERR12749352_std_primers.fasta,ERR12749352_auto_primers.fasta,806BR,R_auto,20,18,6.0,23,14,1,8,60.87,70.0,GGACTACNVGGGTWTCTAAT,DDDDGACTACNVGGGTAT
ERR14753993,forward,ERR14753993_std_primers.fasta,ERR14753993_auto_primers.fasta,341F,F_auto,17,18,13.0,18,16,1,1,88.89,94.12,CCTACGGGNGGCWGCAG,CCTACGGGDGGCWGCAGT
ERR14753993,reverse,ERR14753993_std_primers.fasta,ERR14753993_auto_primers.fasta,805R,R_auto,21,21,19.0,21,20,1,0,95.24,95.24,GACTACHVGGGTATCTAATCC,GACTACHRGGGTATCTAATCC
ERR3250890,forward,ERR3250890_std_primers.fasta,ERR3250890_auto_primers.fasta,515-YF,F_auto,19,19,19.0,19,19,0,0,100.0,100.0,GTGYCAGCMGCCGCGGTAA,GTGYCAGCMGCCGCGGTAA
ERR3250890,reverse,ERR3250890_std_primers.fasta,ERR3250890_auto_primers.fasta,806BR,R_auto,20,21,10.5,22,17,2,3,77.27,85.0,GGACTACNVGGGTWTCTAAT,GGACTACVMGGGTWTTAATCC
ERR3793981,forward,ERR3793981_std_primers.fasta,ERR3793981_auto_primers.fasta,515-YF,F_auto,19,22,7.0,24,16,1,7,66.67,84.21,GTGYCAGCMGCCGCGGTAA,DNBDDGTGCCAGCMGCCCGTAA
ERR3793981,reverse,ERR3793981_std_primers.fasta,ERR3793981_auto_primers.fasta,806BR,R_auto,20,22,10.5,23,18,1,4,78.26,90.0,GGACTACNVGGGTWTCTAAT,TGGACTACHVGGGTWTTAATCC
ERR4580361,forward,ERR4580361_std_primers.fasta,ERR4580361_auto_primers.fasta,343F,F_auto,15,19,1.0,21,12,1,8,57.14,80.0,TACGGRAGGCAGCAG,ACTCCTACGGGAGGAGAGT
ERR4580361,reverse,ERR4580361_std_primers.fasta,ERR4580361_auto_primers.fasta,806BR,R_auto,20,21,10.5,22,17,2,3,77.27,85.0,GGACTACNVGGGTWTCTAAT,GGACTACHRGGGTWTTAATCC
ERR4648437,forward,ERR4648437_std_primers.fasta,ERR4648437_auto_primers.fasta,341F,F_auto,17,19,12.5,19,16,1,2,84.21,94.12,CCTACGGGNGGCWGCAG,CCTACGGGDGGCWGCAGTG
ERR4648437,reverse,ERR4648437_std_primers.fasta,ERR4648437_auto_primers.fasta,798R,R_auto,15,22,8.5,22,15,0,7,68.18,100.0,AGGGTATCTAATCCT,GACTACHVGGGTATCTAATCCT
ERR9584848,forward,ERR9584848_std_primers.fasta,ERR9584848_auto_primers.fasta,515-YF,F_auto,19,21,16.5,21,19,0,2,90.48,100.0,GTGYCAGCMGCCGCGGTAA,GTGYCAGCMGCCGCGGTAAAC
ERR9584848,reverse,ERR9584848_std_primers.fasta,ERR9584848_auto_primers.fasta,926R,R_auto,20,16,5.0,22,13,1,8,59.09,65.0,CCGYCAATTYMTTTRAGTTT,CCCCGYCAATTCMTTT
ERR995462,forward,ERR995462_std_primers.fasta,ERR995462_auto_primers.fasta,ITS3_KYO2F,F_auto,18,15,2.5,22,11,0,11,50.0,61.11,GATGAAGAACGYAGYRAA,CAHCGATGAAGAACG
ERR995462,reverse,ERR995462_std_primers.fasta,ERR995462_auto_primers.fasta,ITS4NeXTR,R_auto,20,22,10.0,24,17,1,6,70.83,85.0,TCCTCCGCTTATTGATATGC,TCCTSCGCTTATTGATGCTTAA
SRR10082348,forward,SRR10082348_std_primers.fasta,SRR10082348_auto_primers.fasta,341F,F_auto,17,20,3.5,22,14,1,7,63.64,82.35,CCTACGGGNGGCWGCAG,VVVVCCTACGGGVGCGCAGT
SRR10082348,reverse,SRR10082348_std_primers.fasta,SRR10082348_auto_primers.fasta,805R,R_auto,21,21,21.0,21,21,0,0,100.0,100.0,GACTACHVGGGTATCTAATCC,GACTACHVGGGTATCTAATCC
SRR10204290,forward,SRR10204290_std_primers.fasta,SRR10204290_auto_primers.fasta,784F,F_auto,14,22,8.5,22,14,0,8,63.64,100.0,RGGATTAGATACCC,RGGATTAGATACCCTGTAGTCC
SRR10204290,reverse,SRR10204290_std_primers.fasta,SRR10204290_auto_primers.fasta,1064R,R_auto,19,21,14.5,21,18,1,2,85.71,94.74,CGACRRCCATGCANCACCT,CGACRRCCATGCAVCACCTKY
SRR10693051,forward,SRR10693051_std_primers.fasta,SRR10693051_auto_primers.fasta,343F,F_auto,15,17,12.5,17,15,0,2,88.24,100.0,TACGGRAGGCAGCAG,TACGGRAGGCAGCAGTG
SRR10693051,reverse,SRR10693051_std_primers.fasta,SRR10693051_auto_primers.fasta,798R,R_auto,15,18,12.0,18,15,0,3,83.33,100.0,AGGGTATCTAATCCT,AGGGTATCTAATCCTTTG
SRR10747508,forward,SRR10747508_std_primers.fasta,SRR10747508_auto_primers.fasta,341F,F_auto,17,20,6.0,20,13,4,3,65.0,76.47,CCTACGGGNGGCWGCAG,CCTAYGGGDBGCWSCAGKVR
SRR10747508,reverse,SRR10747508_std_primers.fasta,SRR10747508_auto_primers.fasta,806BR,R_auto,20,22,13.5,22,18,2,2,81.82,90.0,GGACTACNVGGGTWTCTAAT,GGACTACBVGGGTHTCTAATCC
SRR11005212,forward,SRR11005212_std_primers.fasta,SRR11005212_auto_primers.fasta,341F,F_auto,17,18,13.0,18,16,1,1,88.89,94.12,CCTACGGGNGGCWGCAG,CCTACGGGDGGCWGCAGT
SRR11005212,reverse,SRR11005212_std_primers.fasta,SRR11005212_auto_primers.fasta,805R,R_auto,21,21,21.0,21,21,0,0,100.0,100.0,GACTACHVGGGTATCTAATCC,GACTACHVGGGTATCTAATCC
SRR1159475,forward,SRR1159475_std_primers.fasta,SRR1159475_auto_primers.fasta,515F,F_auto,19,21,-7.0,32,8,0,24,25.0,42.11,GTGCCAGCMGCCGCGGTAA,DDDDTGCAGARDSGTGCCAGC
SRR1159475,reverse,SRR1159475_std_primers.fasta,SRR1159475_auto_primers.fasta,806R,R_auto,20,18,-9.5,26,7,5,14,26.92,35.0,GGACTACHVGGGTWTCTAAT,DDDDDDTGTCGTGGCTAC
SRR11838211,forward,SRR11838211_std_primers.fasta,SRR11838211_auto_primers.fasta,341F,F_auto,17,19,6.5,19,13,4,2,68.42,76.47,CCTACGGGNGGCWGCAG,CCTAYGGGDBGCWSCAGTV
SRR11838211,reverse,SRR11838211_std_primers.fasta,SRR11838211_auto_primers.fasta,806BR,R_auto,20,22,13.5,22,18,2,2,81.82,90.0,GGACTACNVGGGTWTCTAAT,GGACTACDVGGGTHTCTAATCC
SRR12095443,forward,SRR12095443_std_primers.fasta,SRR12095443_auto_primers.fasta,515-YF,F_auto,19,19,19.0,19,19,0,0,100.0,100.0,GTGYCAGCMGCCGCGGTAA,GTGYCAGCMGCCGCGGTAA
SRR12095443,reverse,SRR12095443_std_primers.fasta,SRR12095443_auto_primers.fasta,805R,R_auto,21,21,19.0,21,20,1,0,95.24,95.24,GACTACHVGGGTATCTAATCC,GACTACHVGGGTWTCTAATCC
SRR12400089,forward,SRR12400089_std_primers.fasta,SRR12400089_auto_primers.fasta,ITS3_KYO2F,F_auto,18,14,10.5,18,14,0,4,77.78,77.78,GATGAAGAACGYAGYRAA,GATGAAGAACGYAG
SRR12400089,reverse,SRR12400089_std_primers.fasta,SRR12400089_auto_primers.fasta,AB28R,R_auto,21,16,-3.0,23,10,4,9,43.48,47.62,ATATGCTTAAGTTCAGCGGGT,TCCTCCGCTTATTGAT
SRR12464333,forward,SRR12464333_std_primers.fasta,SRR12464333_auto_primers.fasta,341F,F_auto,17,21,2.0,22,12,4,6,54.55,70.59,CCTACGGGNGGCWGCAG,WWWWGCCTACGGGDGGGAGTG
SRR12464333,reverse,SRR12464333_std_primers.fasta,SRR12464333_auto_primers.fasta,798R,R_auto,15,22,1.5,24,13,0,11,54.17,86.67,AGGGTATCTAATCCT,HGGACTACHVGGGTATTAATCC
SRR12580015,forward,SRR12580015_std_primers.fasta,SRR12580015_auto_primers.fasta,ITS31NeXTF,F_auto,18,21,7.5,23,15,1,7,65.22,83.33,CATCGATGAAGAACGCAG,HHHHGCATCGATGAAGAAGGC
SRR12580015,reverse,SRR12580015_std_primers.fasta,SRR12580015_auto_primers.fasta,ITS4NeXTR,R_auto,20,17,0.5,24,11,2,11,45.83,55.0,TCCTCCGCTTATTGATATGC,HNHHTCCTCSSCTTATT
SRR12621309,forward,SRR12621309_std_primers.fasta,SRR12621309_auto_primers.fasta,ITS1F,F_auto,22,19,16.0,22,19,0,3,86.36,86.36,CTTGGTCATTTAGAGGAAGTAA,CTTGGTCATTTAGAGGAAG
SRR12621309,reverse,SRR12621309_std_primers.fasta,SRR12621309_auto_primers.fasta,ITS2R,R_auto,20,14,9.5,20,14,0,6,70.0,70.0,GCTGCGTTCTTCATCGATGC,GCTGCGTTCTTCAT
SRR12714808,forward,SRR12714808_std_primers.fasta,SRR12714808_auto_primers.fasta,341F,F_auto,17,19,6.5,19,13,4,2,68.42,76.47,CCTACGGGNGGCWGCAG,CCTACGGGDBGCASCAGTG
SRR12714808,reverse,SRR12714808_std_primers.fasta,SRR12714808_auto_primers.fasta,805R,R_auto,21,20,16.0,21,19,1,1,90.48,90.48,GACTACHVGGGTATCTAATCC,GACTACNVGGGTATTAATCC
SRR13265449,forward,SRR13265449_std_primers.fasta,SRR13265449_auto_primers.fasta,341F,F_auto,17,20,3.0,23,13,1,9,56.52,76.47,CCTACGGGNGGCWGCAG,NNNDNCCTACGGGBGGCAGT
SRR13265449,reverse,SRR13265449_std_primers.fasta,SRR13265449_auto_primers.fasta,805R,R_auto,21,18,3.5,26,13,0,13,50.0,61.9,GACTACHVGGGTATCTAATCC,BBNBBGACTACHVGGGTA
SRR13777187,forward,SRR13777187_std_primers.fasta,SRR13777187_auto_primers.fasta,26S2F,F_auto,18,17,13.0,18,16,1,1,88.89,88.89,GAGTCGGGTTGTTTGGGA,GAGTCGAGTTGTTTGGG
SRR13777187,reverse,SRR13777187_std_primers.fasta,SRR13777187_auto_primers.fasta,641R,R_auto,20,20,13.0,22,18,0,4,81.82,90.0,TTGGTCCGTGTTTCAAGACG,GGTCCGTGTTTCAAGACGGG
SRR14077309,forward,SRR14077309_std_primers.fasta,SRR14077309_auto_primers.fasta,341F,F_auto,17,18,13.0,18,16,1,1,88.89,94.12,CCTACGGGNGGCWGCAG,CCTACGGGHGGCWGCAGT
SRR14077309,reverse,SRR14077309_std_primers.fasta,SRR14077309_auto_primers.fasta,805R,R_auto,21,21,21.0,21,21,0,0,100.0,100.0,GACTACHVGGGTATCTAATCC,GACTACHVGGGTATCTAATCC
SRR14297977,forward,SRR14297977_std_primers.fasta,SRR14297977_auto_primers.fasta,341F,F_auto,17,22,0.0,26,12,1,13,46.15,70.59,CCTACGGGNGGCWGCAG,TAATCGACTCCTACGGGAGGCA
SRR14297977,reverse,SRR14297977_std_primers.fasta,SRR14297977_auto_primers.fasta,806BR,R_auto,20,14,-5.0,22,9,3,10,40.91,45.0,GGACTACNVGGGTWTCTAAT,ACTTGAGGACTACH
SRR14456198,forward,SRR14456198_std_primers.fasta,SRR14456198_auto_primers.fasta,515-YF,F_auto,19,19,15.0,19,17,2,0,89.47,89.47,GTGYCAGCMGCCGCGGTAA,GTGCCAGCAGCCGCGGTAA
SRR14456198,reverse,SRR14456198_std_primers.fasta,SRR14456198_auto_primers.fasta,806BR,R_auto,20,21,12.5,22,18,1,3,81.82,90.0,GGACTACNVGGGTWTCTAAT,GGACTACHVGGGTWTTAATCC
SRR14520203,forward,SRR14520203_std_primers.fasta,SRR14520203_auto_primers.fasta,341F,F_auto,17,17,-4.0,26,8,0,18,30.77,47.06,CCTACGGGNGGCWGCAG,TCGAAGACTCCTACGGG
SRR14520203,reverse,SRR14520203_std_primers.fasta,SRR14520203_auto_primers.fasta,806BR,R_auto,20,14,-5.5,23,8,3,12,34.78,40.0,GGACTACNVGGGTWTCTAAT,AGTGGAGGACTACH
SRR14662738,forward,SRR14662738_std_primers.fasta,SRR14662738_auto_primers.fasta,1391F,F_auto,16,17,14.0,17,16,0,1,94.12,100.0,GTACACACCGCCCGTC,GTACACACCGCCCGTCC
SRR14662738,reverse,SRR14662738_std_primers.fasta,SRR14662738_auto_primers.fasta,1510R,R_auto,20,18,-9.5,23,7,8,8,30.43,35.0,CCTTCYGCAGGTTCACCTAC,TKATYYTTYTRCWKTTCA
SRR14902413,forward,SRR14902413_std_primers.fasta,SRR14902413_auto_primers.fasta,515-YF,F_auto,19,14,-5.5,25,7,1,17,28.0,36.84,GTGYCAGCMGCCGCGGTAA,CATTTTGTGCCAGC
SRR14902413,reverse,SRR14902413_std_primers.fasta,SRR14902413_auto_primers.fasta,806R,R_auto,20,14,-4.0,20,8,6,6,40.0,40.0,GGACTACHVGGGTWTCTAAT,AGTCAAGGACTACH
SRR15196871,forward,SRR15196871_std_primers.fasta,SRR15196871_auto_primers.fasta,515F,F_auto,19,21,5.5,25,15,0,10,60.0,78.95,GTGCCAGCMGCCGCGGTAA,GGTTGTGTGCCAGCCCGCGGT
SRR15196871,reverse,SRR15196871_std_primers.fasta,SRR15196871_auto_primers.fasta,926bR,R_auto,18,16,-2.0,24,9,1,14,37.5,50.0,CCGTCAATTYMTTTRAGT,CGATGTCCGTCAATTC
SRR17390839,forward,SRR17390839_std_primers.fasta,SRR17390839_auto_primers.fasta,515F,F_auto,19,14,10.0,19,14,0,5,73.68,73.68,GTGCCAGCMGCCGCGGTAA,GTGCCAGCMGCCGC
SRR17390839,reverse,SRR17390839_std_primers.fasta,SRR17390839_auto_primers.fasta,806BR,R_auto,20,19,13.0,20,17,2,1,85.0,85.0,GGACTACNVGGGTWTCTAAT,GGACTACHVGGGTWTCTRA
SRR17403313,forward,SRR17403313_std_primers.fasta,SRR17403313_auto_primers.fasta,341F,F_auto,17,14,-12.5,19,3,9,7,15.79,17.65,CCTACGGGNGGCWGCAG,DBBYHHVSGGKGSB
SRR17403313,reverse,SRR17403313_std_primers.fasta,SRR17403313_auto_primers.fasta,806BR,R_auto,20,15,-14.5,21,3,11,7,14.29,15.0,GGACTACNVGGGTWTCTAAT,DDRVHHHHVVRGKDW
SRR18035799,forward,SRR18035799_std_primers.fasta,SRR18035799_auto_primers.fasta,515-YF,F_auto,19,21,-21.5,21,0,19,2,0.0,0.0,GTGYCAGCMGCCGCGGTAA,BDKKBVVVVSSSSSSSBDWWH
SRR18035799,reverse,SRR18035799_std_primers.fasta,SRR18035799_auto_primers.fasta,806BR,R_auto,20,16,-15.5,20,2,14,4,10.0,10.0,GGACTACNVGGGTWTCTAAT,BDRVNHHHVVVGKKKY
SRR18105609,forward,SRR18105609_std_primers.fasta,SRR18105609_auto_primers.fasta,341F,F_auto,17,19,12.5,19,16,1,2,84.21,94.12,CCTACGGGNGGCWGCAG,CCTACGGGHGGCWGCAGTG
SRR18105609,reverse,SRR18105609_std_primers.fasta,SRR18105609_auto_primers.fasta,806BR,R_auto,20,22,15.5,22,19,1,2,86.36,95.0,GGACTACNVGGGTWTCTAAT,GGACTACHVGGGTWTCTAATCC
SRR19784656,forward,SRR19784656_std_primers.fasta,SRR19784656_auto_primers.fasta,341F,F_auto,17,21,-3.0,26,11,1,14,42.31,64.71,CCTACGGGNGGCWGCAG,CAGATCACTCCTACGGAGGCA
SRR19784656,reverse,SRR19784656_std_primers.fasta,SRR19784656_auto_primers.fasta,806R,R_auto,20,14,-4.0,26,8,0,18,30.77,40.0,GGACTACHVGGGTWTCTAAT,GTGAAAGGACTACH
SRR21279756,forward,SRR21279756_std_primers.fasta,SRR21279756_auto_primers.fasta,27F,F_auto,20,14,6.0,20,13,1,6,65.0,65.0,AGAGTTTGATCMTGGCTCAG,GAGTTTGATCKTGG
SRR21279756,reverse,SRR21279756_std_primers.fasta,SRR21279756_auto_primers.fasta,388R,R_auto,20,19,17.0,20,19,0,1,95.0,95.0,GTGCTGCCTCCCGTAGGAGT,TGCTGCCTCCCGTAGGAGT
SRR21642156,forward,SRR21642156_std_primers.fasta,SRR21642156_auto_primers.fasta,341F,F_auto,17,14,-12.0,19,4,8,7,21.05,23.53,CCTACGGGNGGCWGCAG,HYHHHNVSGGGSBB
SRR21642156,reverse,SRR21642156_std_primers.fasta,SRR21642156_auto_primers.fasta,805R,R_auto,21,14,-13.0,21,3,11,7,14.29,14.29,GACTACHVGGGTATCTAATCC,DVVHHHHVVRGKDW
SRR21922996,forward,SRR21922996_std_primers.fasta,SRR21922996_auto_primers.fasta,ITS86F,F_auto,21,20,16.0,21,19,1,1,90.48,90.48,GTGAATCATCGAATCTTTGAA,GTGARTCATCGAATCTTTGA
SRR21922996,reverse,SRR21922996_std_primers.fasta,SRR21922996_auto_primers.fasta,ITS4NeXTR,R_auto,20,16,12.5,20,16,0,4,80.0,80.0,TCCTCCGCTTATTGATATGC,TCCTCCGCTTATTGAT
SRR22313801,forward,SRR22313801_std_primers.fasta,SRR22313801_auto_primers.fasta,ITS1F,F_auto,22,16,-2.0,28,10,0,18,35.71,45.45,CTTGGTCATTTAGAGGAAGTAA,TTAGCCCTTGGTCATT
SRR22313801,reverse,SRR22313801_std_primers.fasta,SRR22313801_auto_primers.fasta,ITS2R,R_auto,20,18,2.0,26,12,0,14,46.15,60.0,GCTGCGTTCTTCATCGATGC,ACTGCTGCTGCGTTCTTC
SRR22498710,forward,SRR22498710_std_primers.fasta,SRR22498710_auto_primers.fasta,ITS1F,F_auto,22,19,16.0,22,19,0,3,86.36,86.36,CTTGGTCATTTAGAGGAAGTAA,CTTGGTCATTTAGAGGAAG
SRR22498710,reverse,SRR22498710_std_primers.fasta,SRR22498710_auto_primers.fasta,ITS2R,R_auto,20,14,9.5,20,14,0,6,70.0,70.0,GCTGCGTTCTTCATCGATGC,GCTGCGTTCTTCAT
SRR22541814,forward,SRR22541814_std_primers.fasta,SRR22541814_auto_primers.fasta,515F,F_auto,19,20,4.0,25,14,0,11,56.0,73.68,GTGCCAGCMGCCGCGGTAA,ATCGTAGTGCCAGCGCCGCG
SRR22541814,reverse,SRR22541814_std_primers.fasta,SRR22541814_auto_primers.fasta,926R,R_auto,20,18,-2.0,26,10,2,14,38.46,50.0,CCGYCAATTYMTTTRAGTTT,TCTACCCCGTCAATTCTT
SRR22740627,forward,SRR22740627_std_primers.fasta,SRR22740627_auto_primers.fasta,ITS3_KYO2F,F_auto,18,16,2.5,20,12,2,6,60.0,66.67,GATGAAGAACGYAGYRAA,TCGATGAAGAACGCGC
SRR22740627,reverse,SRR22740627_std_primers.fasta,SRR22740627_auto_primers.fasta,ITS4NeXTR,R_auto,20,23,13.5,24,19,0,5,79.17,95.0,TCCTCCGCTTATTGATATGC,TCCTCCGCTTATTGAATGCTTAA
SRR22880720,forward,SRR22880720_std_primers.fasta,SRR22880720_auto_primers.fasta,341F,F_auto,17,19,14.5,19,17,0,2,89.47,100.0,CCTACGGGNGGCWGCAG,CCTACGGGNGGCWGCAGTG
SRR22880720,reverse,SRR22880720_std_primers.fasta,SRR22880720_auto_primers.fasta,805R,R_auto,21,21,21.0,21,21,0,0,100.0,100.0,GACTACHVGGGTATCTAATCC,GACTACHVGGGTATCTAATCC
SRR23367267,forward,SRR23367267_std_primers.fasta,SRR23367267_auto_primers.fasta,341F,F_auto,17,18,15.0,18,17,0,1,94.44,100.0,CCTACGGGNGGCWGCAG,CCTACGGGNGGCWGCAGT
SRR23367267,reverse,SRR23367267_std_primers.fasta,SRR23367267_auto_primers.fasta,805R,R_auto,21,21,21.0,21,21,0,0,100.0,100.0,GACTACHVGGGTATCTAATCC,GACTACHVGGGTATCTAATCC
SRR23618152,forward,SRR23618152_std_primers.fasta,SRR23618152_auto_primers.fasta,515F,F_auto,19,19,19.0,19,19,0,0,100.0,100.0,GTGCCAGCMGCCGCGGTAA,GTGCCAGCMGCCGCGGTAA
SRR23618152,reverse,SRR23618152_std_primers.fasta,SRR23618152_auto_primers.fasta,926bR,R_auto,18,14,6.5,18,12,2,4,66.67,66.67,CCGTCAATTYMTTTRAGT,CCGTCAATTCCTTT
SRR23687415,forward,SRR23687415_std_primers.fasta,SRR23687415_auto_primers.fasta,341F,F_auto,17,18,15.0,18,17,0,1,94.44,100.0,CCTACGGGNGGCWGCAG,CCTACGGGNGGCWGCAGT
SRR23687415,reverse,SRR23687415_std_primers.fasta,SRR23687415_auto_primers.fasta,805R,R_auto,21,21,21.0,21,21,0,0,100.0,100.0,GACTACHVGGGTATCTAATCC,GACTACHVGGGTATCTAATCC
SRR23898926,forward,SRR23898926_std_primers.fasta,SRR23898926_auto_primers.fasta,ITS3_KYO2F,F_auto,18,21,7.5,22,15,2,5,68.18,83.33,GATGAAGAACGYAGYRAA,CATCGATGAAGAACGCAGGAA
SRR23898926,reverse,SRR23898926_std_primers.fasta,SRR23898926_auto_primers.fasta,ITS4NeXTR,R_auto,20,23,13.5,24,19,0,5,79.17,95.0,TCCTCCGCTTATTGATATGC,TCCTCCGCTTATTGATTGCTTAA
SRR24082084,forward,SRR24082084_std_primers.fasta,SRR24082084_auto_primers.fasta,ITS1F,F_auto,22,19,16.0,22,19,0,3,86.36,86.36,CTTGGTCATTTAGAGGAAGTAA,CTTGGTCATTTAGAGGAAG
SRR24082084,reverse,SRR24082084_std_primers.fasta,SRR24082084_auto_primers.fasta,ITS2R,R_auto,20,14,9.5,20,14,0,6,70.0,70.0,GCTGCGTTCTTCATCGATGC,GCTGCGTTCTTCAT
SRR24092095,forward,SRR24092095_std_primers.fasta,SRR24092095_auto_primers.fasta,341F,F_auto,17,18,15.0,18,17,0,1,94.44,100.0,CCTACGGGNGGCWGCAG,CCTACGGGNGGCWGCAGT
SRR24092095,reverse,SRR24092095_std_primers.fasta,SRR24092095_auto_primers.fasta,798R,R_auto,15,21,5.5,22,14,0,8,63.64,93.33,AGGGTATCTAATCCT,GACTACHVGGGTATTAATCCT
SRR24433420,forward,SRR24433420_std_primers.fasta,SRR24433420_auto_primers.fasta,338F,F_auto,19,17,-19.5,19,0,17,2,0.0,0.0,ACTCCTACGGGAGGCAGCA,VVHHMYHYBBBVRRRRR
SRR24433420,reverse,SRR24433420_std_primers.fasta,SRR24433420_auto_primers.fasta,806R,R_auto,20,21,-19.0,25,3,13,9,12.0,15.0,GGACTACHVGGGTWTCTAAT,DDDDDVVHHHVVBDKKBHWWH
SRR24537470,forward,SRR24537470_std_primers.fasta,SRR24537470_auto_primers.fasta,515-YF,F_auto,19,22,7.0,24,16,1,7,66.67,84.21,GTGYCAGCMGCCGCGGTAA,VVVVVGTGCCAGCMGCCCGTAA
SRR24537470,reverse,SRR24537470_std_primers.fasta,SRR24537470_auto_primers.fasta,806BR,R_auto,20,23,13.5,23,19,1,3,82.61,95.0,GGACTACNVGGGTWTCTAAT,TGGACTACHVGGGTWTCTAATCC
SRR24957760,forward,SRR24957760_std_primers.fasta,SRR24957760_auto_primers.fasta,ITS1F,F_auto,22,19,16.0,22,19,0,3,86.36,86.36,CTTGGTCATTTAGAGGAAGTAA,CTTGGTCATTTAGAGGAAG
SRR24957760,reverse,SRR24957760_std_primers.fasta,SRR24957760_auto_primers.fasta,ITS2R,R_auto,20,14,9.5,20,14,0,6,70.0,70.0,GCTGCGTTCTTCATCGATGC,GCTGCGTTCTTCAT
SRR26071465,forward,SRR26071465_std_primers.fasta,SRR26071465_auto_primers.fasta,ITS1F,F_auto,22,16,-2.0,28,10,0,18,35.71,45.45,CTTGGTCATTTAGAGGAAGTAA,CGAGATCTTGGTCATT
SRR26071465,reverse,SRR26071465_std_primers.fasta,SRR26071465_auto_primers.fasta,ITS2R,R_auto,20,20,5.0,26,14,0,12,53.85,70.0,GCTGCGTTCTTCATCGATGC,GCTTCAGCTGCGTTCTTCAT
SRR26110882,forward,SRR26110882_std_primers.fasta,SRR26110882_auto_primers.fasta,ITS3_KYO2F,F_auto,18,16,6.0,20,13,1,6,65.0,72.22,GATGAAGAACGYAGYRAA,TCGATGAAGAACGCAG
SRR26110882,reverse,SRR26110882_std_primers.fasta,SRR26110882_auto_primers.fasta,AB28R,R_auto,21,24,-5.0,26,11,8,7,42.31,52.38,ATATGCTTAAGTTCAGCGGGT,TCCTCCGCTTATTGATATGCTTAA
SRR26248800,forward,SRR26248800_std_primers.fasta,SRR26248800_auto_primers.fasta,ITS1F,F_auto,22,19,16.0,22,19,0,3,86.36,86.36,CTTGGTCATTTAGAGGAAGTAA,CTTGGTCATTTAGAGGAAG
SRR26248800,reverse,SRR26248800_std_primers.fasta,SRR26248800_auto_primers.fasta,ITS2R,R_auto,20,14,9.5,20,14,0,6,70.0,70.0,GCTGCGTTCTTCATCGATGC,GCTGCGTTCTTCAT
SRR26782875,forward,SRR26782875_std_primers.fasta,SRR26782875_auto_primers.fasta,515-YF,F_auto,19,19,17.0,19,18,1,0,94.74,94.74,GTGYCAGCMGCCGCGGTAA,GTGCCAGCMGCCGCGGTAA
SRR26782875,reverse,SRR26782875_std_primers.fasta,SRR26782875_auto_primers.fasta,806BR,R_auto,20,22,15.5,22,19,1,2,86.36,95.0,GGACTACNVGGGTWTCTAAT,GGACTACHVGGGTWTCTAATCC
SRR26791319,forward,SRR26791319_std_primers.fasta,SRR26791319_auto_primers.fasta,515-YF,F_auto,19,20,-11.0,20,5,14,1,25.0,26.32,GTGYCAGCMGCCGCGGTAA,GYRYCRRYVRMSRMSGYARY
SRR26791319,reverse,SRR26791319_std_primers.fasta,SRR26791319_auto_primers.fasta,806BR,R_auto,20,21,-18.0,21,2,18,1,9.52,10.0,GGACTACNVGGGTWTCTAAT,KSMYYMSBNKRKTDWYWRYYY
SRR27015088,forward,SRR27015088_std_primers.fasta,SRR27015088_auto_primers.fasta,341F,F_auto,17,18,13.0,18,16,1,1,88.89,94.12,CCTACGGGNGGCWGCAG,CCTACGGGDGGCWGCAGT
SRR27015088,reverse,SRR27015088_std_primers.fasta,SRR27015088_auto_primers.fasta,805R,R_auto,21,21,21.0,21,21,0,0,100.0,100.0,GACTACHVGGGTATCTAATCC,GACTACHVGGGTATCTAATCC
SRR27233955,forward,SRR27233955_std_primers.fasta,SRR27233955_auto_primers.fasta,343F,F_auto,15,19,2.5,21,12,1,8,57.14,80.0,TACGGRAGGCAGCAG,ACTCCTACGGGAGGGCAGT
SRR27233955,reverse,SRR27233955_std_primers.fasta,SRR27233955_auto_primers.fasta,806R,R_auto,20,21,14.5,22,19,0,3,86.36,95.0,GGACTACHVGGGTWTCTAAT,GGACTACHVGGGTWTTAATCC
SRR27366362,forward,SRR27366362_std_primers.fasta,SRR27366362_auto_primers.fasta,343F,F_auto,15,14,-1.5,20,8,1,11,40.0,53.33,TACGGRAGGCAGCAG,ACTCCTACGGGAGG
SRR27366362,reverse,SRR27366362_std_primers.fasta,SRR27366362_auto_primers.fasta,806R,R_auto,20,22,8.5,24,17,1,6,70.83,85.0,GGACTACHVGGGTWTCTAAT,TCGGACTACHMGGGTWTAATCC
SRR27558615,forward,SRR27558615_std_primers.fasta,SRR27558615_auto_primers.fasta,26S2F,F_auto,18,15,10.0,18,14,1,3,77.78,77.78,GAGTCGGGTTGTTTGGGA,GAGTCGAGTTGTTTG
SRR27558615,reverse,SRR27558615_std_primers.fasta,SRR27558615_auto_primers.fasta,641R,R_auto,20,20,13.0,22,18,0,4,81.82,90.0,TTGGTCCGTGTTTCAAGACG,GGTCCGTGTTTCAAGACGGG
SRR27929260,forward,SRR27929260_std_primers.fasta,SRR27929260_auto_primers.fasta,515-YF,F_auto,19,19,-9.0,24,8,6,10,33.33,42.11,GTGYCAGCMGCCGCGGTAA,TATGGTAATTGTGTCCAGC
SRR27929260,reverse,SRR27929260_std_primers.fasta,SRR27929260_auto_primers.fasta,806R,R_auto,20,18,-7.5,23,8,7,8,34.78,40.0,GGACTACHVGGGTWTCTAAT,AGTCAGTCAGCCGGATAC
SRR28209636,forward,SRR28209636_std_primers.fasta,SRR28209636_auto_primers.fasta,343F,F_auto,15,19,-4.0,22,8,4,10,36.36,53.33,TACGGRAGGCAGCAG,GGAAGAACTCCTACGGGAG
SRR28209636,reverse,SRR28209636_std_primers.fasta,SRR28209636_auto_primers.fasta,806R,R_auto,20,14,-4.0,26,8,0,18,30.77,40.0,GGACTACHVGGGTWTCTAAT,CTCAGAGGACTACH
SRR29342007,forward,SRR29342007_std_primers.fasta,SRR29342007_auto_primers.fasta,341F,F_auto,17,18,13.0,18,16,1,1,88.89,94.12,CCTACGGGNGGCWGCAG,CCTACGGGDGGCWGCAGT
SRR29342007,reverse,SRR29342007_std_primers.fasta,SRR29342007_auto_primers.fasta,805R,R_auto,21,21,21.0,21,21,0,0,100.0,100.0,GACTACHVGGGTATCTAATCC,GACTACHVGGGTATCTAATCC
SRR30419145,forward,SRR30419145_std_primers.fasta,SRR30419145_auto_primers.fasta,ITS1F,F_auto,22,23,-24.0,23,0,22,1,0.0,0.0,CTTGGTCATTTAGAGGAAGTAA,DDDDBDHBDVBBBBBKBBHYWDW
SRR30419145,reverse,SRR30419145_std_primers.fasta,SRR30419145_auto_primers.fasta,ITS4NeXTR,R_auto,20,21,-22.0,21,0,20,1,0.0,0.0,TCCTCCGCTTATTGATATGC,DDBDHBDDBYYYYSYYWKWWW
SRR30593526,forward,SRR30593526_std_primers.fasta,SRR30593526_auto_primers.fasta,V91389F,F_auto,15,23,6.0,24,14,0,10,58.33,93.33,TTGTACACACCGCCC,CCCTGCCHTTTGTACACACCGCC
SRR30593526,reverse,SRR30593526_std_primers.fasta,SRR30593526_auto_primers.fasta,1510R,R_auto,20,21,12.5,23,18,0,5,78.26,90.0,CCTTCYGCAGGTTCACCTAC,CCTTCYGCAGGTTCCTACGGA
SRR30595606,forward,SRR30595606_std_primers.fasta,SRR30595606_auto_primers.fasta,ITS1F,F_auto,22,19,16.0,22,19,0,3,86.36,86.36,CTTGGTCATTTAGAGGAAGTAA,CTTGGTCATTTAGAGGAAG
SRR30595606,reverse,SRR30595606_std_primers.fasta,SRR30595606_auto_primers.fasta,ITS2R,R_auto,20,19,17.0,20,19,0,1,95.0,95.0,GCTGCGTTCTTCATCGATGC,GCTGCGTTCTTCATGATGC
SRR30662650,forward,SRR30662650_std_primers.fasta,SRR30662650_auto_primers.fasta,341F,F_auto,17,17,7.0,17,12,5,0,70.59,70.59,CCTACGGGNGGCWGCAG,CCTAYGGGRKGCASCAG
SRR30662650,reverse,SRR30662650_std_primers.fasta,SRR30662650_auto_primers.fasta,806BR,R_auto,20,21,12.5,22,18,1,3,81.82,90.0,GGACTACNVGGGTWTCTAAT,GGACTACNNGGGTWTTAATCC
SRR30806495,forward,SRR30806495_std_primers.fasta,SRR30806495_auto_primers.fasta,ITS1F,F_auto,22,20,2.5,28,14,0,14,50.0,63.64,CTTGGTCATTTAGAGGAAGTAA,GAGATACTTGGTCATTTAGG
SRR30806495,reverse,SRR30806495_std_primers.fasta,SRR30806495_auto_primers.fasta,ITS2R,R_auto,20,20,5.0,26,14,0,12,53.85,70.0,GCTGCGTTCTTCATCGATGC,CTAGCTGCTGCGTTCTTCAT
SRR31690368,forward,SRR31690368_std_primers.fasta,SRR31690368_auto_primers.fasta,ITS1F,F_auto,22,19,16.0,22,19,0,3,86.36,86.36,CTTGGTCATTTAGAGGAAGTAA,CTTGGTCATTTAGAGGAAG
SRR31690368,reverse,SRR31690368_std_primers.fasta,SRR31690368_auto_primers.fasta,ITS2R,R_auto,20,14,9.5,20,14,0,6,70.0,70.0,GCTGCGTTCTTCATCGATGC,GCTGCGTTCTTCAT
SRR32137581,forward,SRR32137581_std_primers.fasta,SRR32137581_auto_primers.fasta,27F,F_auto,20,20,14.0,20,17,3,0,85.0,85.0,AGAGTTTGATCMTGGCTCAG,AGMGTTYGATYMTGGCTCAG
SRR32137581,reverse,SRR32137581_std_primers.fasta,SRR32137581_auto_primers.fasta,388R,R_auto,20,18,15.5,20,18,0,2,90.0,90.0,GTGCTGCCTCCCGTAGGAGT,GCTGCCTCCCGTAGGAGT
SRR32239839,forward,SRR32239839_std_primers.fasta,SRR32239839_auto_primers.fasta,515-YF,F_auto,19,15,11.5,19,15,0,4,78.95,78.95,GTGYCAGCMGCCGCGGTAA,GTGYCAGCMGCCGCG
SRR32239839,reverse,SRR32239839_std_primers.fasta,SRR32239839_auto_primers.fasta,926R,R_auto,20,22,17.5,22,20,0,2,90.91,100.0,CCGYCAATTYMTTTRAGTTT,CCGYCAATTYMTTTRAGTTTCA
SRR32287115,forward,SRR32287115_std_primers.fasta,SRR32287115_auto_primers.fasta,ITS3_KYO2F,F_auto,18,14,10.5,18,14,0,4,77.78,77.78,GATGAAGAACGYAGYRAA,GATGAAGAACGYAG
SRR32287115,reverse,SRR32287115_std_primers.fasta,SRR32287115_auto_primers.fasta,ITS4NeXTR,R_auto,20,16,12.5,20,16,0,4,80.0,80.0,TCCTCCGCTTATTGATATGC,TCCTCCGCTTATTGAT
SRR32785973,forward,SRR32785973_std_primers.fasta,SRR32785973_auto_primers.fasta,ITS86F,F_auto,21,20,18.0,21,20,0,1,95.24,95.24,GTGAATCATCGAATCTTTGAA,GTGAATCATCGAATCTTTGA
SRR32785973,reverse,SRR32785973_std_primers.fasta,SRR32785973_auto_primers.fasta,AB28R,R_auto,21,14,-5.5,23,9,3,11,39.13,42.86,ATATGCTTAAGTTCAGCGGGT,TCCTCCGCTTATTG
SRR33188208,forward,SRR33188208_std_primers.fasta,SRR33188208_auto_primers.fasta,515-YF,F_auto,19,18,16.0,19,18,0,1,94.74,94.74,GTGYCAGCMGCCGCGGTAA,GTGYCAGCMGCCGCGGTA
SRR33188208,reverse,SRR33188208_std_primers.fasta,SRR33188208_auto_primers.fasta,806BR,R_auto,20,22,15.5,22,19,1,2,86.36,95.0,GGACTACNVGGGTWTCTAAT,GGACTACDVGGGTWTCTAATCC
SRR5040712,forward,SRR5040712_std_primers.fasta,SRR5040712_auto_primers.fasta,341F,F_auto,17,18,13.0,18,16,1,1,88.89,94.12,CCTACGGGNGGCWGCAG,CCTACGGGDGGCWGCAGT
SRR5040712,reverse,SRR5040712_std_primers.fasta,SRR5040712_auto_primers.fasta,798R,R_auto,15,22,8.5,22,15,0,7,68.18,100.0,AGGGTATCTAATCCT,GACTACHMGGGTATCTAATCCT
SRR5906305,forward,SRR5906305_std_primers.fasta,SRR5906305_auto_primers.fasta,341F,F_auto,17,18,11.0,18,15,2,1,83.33,88.24,CCTACGGGNGGCWGCAG,CCTACGGGRGGCAGCAGT
SRR5906305,reverse,SRR5906305_std_primers.fasta,SRR5906305_auto_primers.fasta,805R,R_auto,21,21,19.0,21,20,1,0,95.24,95.24,GACTACHVGGGTATCTAATCC,GACTACHVGGGTMTCTAATCC
SRR7501972,forward,SRR7501972_std_primers.fasta,SRR7501972_auto_primers.fasta,341F,F_auto,17,19,10.5,19,15,2,2,78.95,88.24,CCTACGGGNGGCWGCAG,CCTACGGGRGGCAGCAGTG
SRR7501972,reverse,SRR7501972_std_primers.fasta,SRR7501972_auto_primers.fasta,805R,R_auto,21,21,21.0,21,21,0,0,100.0,100.0,GACTACHVGGGTATCTAATCC,GACTACHVGGGTATCTAATCC
SRR7507349,forward,SRR7507349_std_primers.fasta,SRR7507349_auto_primers.fasta,341F,F_auto,17,19,-4.5,26,9,1,16,34.62,52.94,CCTACGGGNGGCWGCAG,CTTCCAACTCCTACGAGCA
SRR7507349,reverse,SRR7507349_std_primers.fasta,SRR7507349_auto_primers.fasta,806BR,R_auto,20,14,-4.0,20,8,6,6,40.0,40.0,GGACTACNVGGGTWTCTAAT,GCCTTAGGACTACH
SRR8186520,forward,SRR8186520_std_primers.fasta,SRR8186520_auto_primers.fasta,341F,F_auto,17,22,1.5,23,12,4,7,52.17,70.59,CCTACGGGNGGCWGCAG,CACTCACCTAYGGGBGCASCAG
SRR8186520,reverse,SRR8186520_std_primers.fasta,SRR8186520_auto_primers.fasta,806BR,R_auto,20,14,-3.0,21,10,3,8,47.62,50.0,GGACTACNVGGGTWTCTAAT,GGTAGCGGACTACD
SRR9115979,forward,SRR9115979_std_primers.fasta,SRR9115979_auto_primers.fasta,515F,F_auto,19,19,17.0,19,18,1,0,94.74,94.74,GTGCCAGCMGCCGCGGTAA,GTGCCAGCAGCCGCGGTAA
SRR9115979,reverse,SRR9115979_std_primers.fasta,SRR9115979_auto_primers.fasta,806R,R_auto,20,21,14.5,22,19,0,3,86.36,95.0,GGACTACHVGGGTWTCTAAT,GGACTACHVGGGTWTTAATCC
SRR9295328,forward,SRR9295328_std_primers.fasta,SRR9295328_auto_primers.fasta,341F,F_auto,17,17,4.5,20,13,1,6,65.0,76.47,CCTACGGGNGGCWGCAG,CTCCTACGGGAGGCAGM
SRR9295328,reverse,SRR9295328_std_primers.fasta,SRR9295328_auto_primers.fasta,926bR,R_auto,18,18,-12.0,21,6,9,6,28.57,33.33,CCGTCAATTYMTTTRAGT,CTTGTGCGSGCCCMYTMW
